,cluster_centroids_number,cost_values
0,1,100028.14551897897
1,2,26187.318876637368
2,3,12647.249030829626
3,4,11250.48115007592
4,5,9619.761219140451
5,6,9007.453743459779
6,7,7303.089675454638
